set search_path to project;

insert into dealer(dealer_name, car_manufacturer_name)
values ('Рольф', 'BMW'),
       ('Audi центр', 'Audi'),
       ('У Сервис+', 'Nissan'),
       ('Infiniti Major', 'Infiniti'),
       ('Renault Петровский', 'Renault'),
       ('Техинком', 'Lada'),
       ('Авилон', 'Exeed'),
       ('Автомир', 'Skoda'),
       ('Автолайт', 'Haval'),
       ('АвтоМАШ-МБ', 'Mercedes-Benz');

insert into dealerships(dealer_id, address, monthly_cost)
values ((select dealer_id from dealer where dealer_name = 'Рольф'), 'МКАД 85 км., 2А, стр.1', '12500000'),
       ((select dealer_id from dealer where dealer_name = 'Рольф'), 'Химки, Ленинградское шоссе, владение 21',
        '13610000'),
       ((select dealer_id from dealer where dealer_name = 'Audi центр'), 'Ленинградское ш., д. 63Б', '11450000'),
       ((select dealer_id from dealer where dealer_name = 'У Сервис+'), 'ул. Коломенская, д.16', '9670000'),
       ((select dealer_id from dealer where dealer_name = 'Infiniti Major'), 'Новорижское ш., 9км от МКАД', '1594000'),
       ((select dealer_id from dealer where dealer_name = 'Renault Петровский'),
        'МО. г. Мытищи, Хлебозаводская ул., д. 4', '8280000'),
       ((select dealer_id from dealer where dealer_name = 'Техинком'), 'ул. Кулакова, вл. 24, к. 3', '6954000'),
       ((select dealer_id from dealer where dealer_name = 'Авилон'), 'ул. Автозаводская, д. 23, к. 5', '9999000'),
       ((select dealer_id from dealer where dealer_name = 'Автомир'), 'Ярославское ш., д. 7', '7890000'),
       ((select dealer_id from dealer where dealer_name = 'АвтоМАШ-МБ'), 'г. Люберцы, Новорязанское ш., д 11/1',
        '13400000');

insert into staff(dealership_id, first_name, last_name, middle_name, occupation, salary)
values (1, 'Райан', 'Гослинг', '', 'Владелец',
        9999999),
       (2, 'Илья', 'Оплачкин', 'Александрович',
        'Автомеханик', 90000),
       (4, 'Давид', 'Алексьян', 'Эмилевич',
        'Продавец', 75000),
       (4, 'Арсений', 'Казаков', 'Станиславович',
        'Уборщик', 30000),
       (5, 'Уилл', 'Смит', '',
        'Менеджер отдела продаж', 100000),
       (7, 'Артур', 'Кулапин', 'Евгеньевич',
        'Специалист по беспилотным авто', 400000),
       (7, 'Даниил', 'Гагаринов', 'Альбертович',
        'Старший разработчик (front-end)', 400000),
       (8, 'Михаил', 'Фурманов', 'Алескандрович',
        'Мойщик авто', 40000),
       (9, 'Никита', 'Целищев', 'Алескандрович',
        'Охранник', 30000),
       (10, 'Александр', 'Тюленев', 'Иванович',
        'HR', 100000);

insert into car_models ("dealer_id", "model_name", "body_type", "power", "torque", "engine_size")
values ((select dealer_id from dealer where car_manufacturer_name = 'BMW'), 'M5 Competition (F90)', 'Седан', 625, 750,
        4.4),
       ((select dealer_id from dealer where car_manufacturer_name = 'BMW'), 'X5 IV (G05)', 'Внедорожник', 340, 450,
        3.0),
       ((select dealer_id from dealer where car_manufacturer_name = 'Mercedes-Benz'), 'CLS AMG 63', 'Седан', 585, 800,
        5.5),
       ((select dealer_id from dealer where car_manufacturer_name = 'Lada'), 'Гранта', 'Седан', 90, 75,
        1.6),
       ((select dealer_id from dealer where car_manufacturer_name = 'Nissan'), 'GT-R', 'Купе', 530, 612,
        3.8),
       ((select dealer_id from dealer where car_manufacturer_name = 'Audi'), 'RS 7', 'Лифтбек', 560, 700,
        4.0),
       ((select dealer_id from dealer where car_manufacturer_name = 'Skoda'), 'Octavia', 'Лифтбек', 150, 120,
        1.4),
       ((select dealer_id from dealer where car_manufacturer_name = 'Exeed'), 'RX', 'Внедорожник', 249, 376,
        2.4),
       ((select dealer_id from dealer where car_manufacturer_name = 'Haval'), 'F7x', 'Внедорожник', 190, 340,
        2.0),
       ((select dealer_id from dealer where car_manufacturer_name = 'Renault'), 'Duster', 'Внедорожник', 143, 195,
        2.0),
       ((select dealer_id from dealer where car_manufacturer_name = 'Infiniti'), 'QX80', 'Внедорожник', 405, 560,
        5.6);

insert into cars (dealership_id, model_id, color, additional_options, price)
values (1,
        (select model_id from car_models where model_name = 'M5 Competition (F90)'), 'Морской синий',
        'Подогрев сидений, 360 обзор с помощью камер, Launch Control', 12500000),
       (2,
        (select model_id from car_models where model_name = 'X5 IV (G05)'), 'Черный',
        'Пневмоподвеска, турбонаддув', 15600000),
       (3,
        (select model_id from car_models where model_name = 'RS 7'), 'Ярко-красный',
        'Полубеспилотный режим, Launch Control', 13450000),
       (4,
        (select model_id from car_models where model_name = 'GT-R'), 'Белоснежный',
        'Launch Control', 17760000),
       (5,
        (select model_id from car_models where model_name = 'QX80'), 'Бежевый',
        'Подогрев сидений, 360 обзор с помощью камер', 15840000),
       (6,
        (select model_id from car_models where model_name = 'Duster'), 'Коричневый',
        '', 1520000),
       (7,
        (select model_id from car_models where model_name = 'Гранта'), 'Малиновый',
        'Ремни безопасности', 1200000),
       (8,
        (select model_id from car_models where model_name = 'RX'), 'Черный',
        '360 обзор с помощью камер', 2750000),
       (9,
        (select model_id from car_models where model_name = 'Octavia'), 'Ярко-синий',
        'Подогрев сидений', 2045000),
       (10,
        (select model_id from car_models where model_name = 'CLS AMG 63'), 'Черный',
        'Подогрев сидений, турбонаддув', 7750000);

insert into spare_parts(dealer_id, model_id, part_name)
values ((select dealer_id from dealer where dealer_name = 'Audi центр'),
        (select model_id from car_models where model_name = 'RS 7'),
        'Карданный вал'),
       ((select dealer_id from dealer where dealer_name = 'Audi центр'),
        (select model_id from car_models where model_name = 'RS 7'),
        'Подшипники'),
       ((select dealer_id from dealer where dealer_name = 'Рольф'),
        (select model_id from car_models where model_name = 'M5 Competition (F90)'),
        'Поршневые кольца'),
       ((select dealer_id from dealer where dealer_name = 'Рольф'),
        (select model_id from car_models where model_name = 'M5 Competition (F90)'),
        'Моторное масло'),
       ((select dealer_id from dealer where dealer_name = 'Авилон'),
        (select model_id from car_models where model_name = 'RX'),
        'Двигатель'),
       ((select dealer_id from dealer where dealer_name = 'У Сервис+'),
        (select model_id from car_models where model_name = 'GT-R'),
        'Переднее крыло'),
       ((select dealer_id from dealer where dealer_name = 'Автомир'),
        (select model_id from car_models where model_name = 'Octavia'),
        'Передние фары'),
       ((select dealer_id from dealer where dealer_name = 'Автомир'),
        (select model_id from car_models where model_name = 'Octavia'),
        'Задние фонари'),
       ((select dealer_id from dealer where dealer_name = 'АвтоМАШ-МБ'),
        (select model_id from car_models where model_name = 'CLS AMG 63'),
        'Задний бампер'),
       ((select dealer_id from dealer where dealer_name = 'АвтоМАШ-МБ'),
        (select model_id from car_models where model_name = 'CLS AMG 63'),
        'Руль');